City_ID,City,Country,Date,Lat,Lng,Max Temp,Humidity,Cloudiness,Wind Speed,Description
0,Gambela,ET,2022-08-07 21:15:48,8.25,34.5833,68.76,96,99,3.11,light rain
1,Cidreira,BR,2022-08-07 21:15:48,-30.1811,-50.2056,58.77,88,100,12.21,overcast clouds
2,Tura,IN,2022-08-07 21:15:49,25.5198,90.2201,74.75,97,99,4.0,moderate rain
3,Gizo,SB,2022-08-07 21:15:49,-8.103,156.8419,81.63,75,67,3.96,broken clouds
4,Punta Arenas,CL,2022-08-07 21:11:10,-53.15,-70.9167,39.31,75,20,10.36,few clouds
5,Tasiilaq,GL,2022-08-07 21:15:50,65.6145,-37.6368,46.56,95,100,7.78,light rain
6,Hithadhoo,MV,2022-08-07 21:15:50,-0.6,73.0833,81.82,70,100,4.43,overcast clouds
7,Zaragoza,ES,2022-08-07 21:15:51,41.6561,-0.8773,86.45,43,40,13.8,scattered clouds
8,Nehe,CN,2022-08-07 21:15:51,48.4833,124.8333,54.68,61,0,8.61,clear sky
9,Whitianga,NZ,2022-08-07 21:15:52,-36.8333,175.7,53.44,89,20,3.04,few clouds
10,Atuona,PF,2022-08-07 21:15:52,-9.8,-139.0333,76.91,70,93,17.83,overcast clouds
11,Awjilah,LY,2022-08-07 21:15:53,29.1081,21.2869,81.97,50,0,14.58,clear sky
12,Butaritari,KI,2022-08-07 21:15:53,3.0707,172.7902,82.15,71,100,15.93,overcast clouds
13,Victoria,HK,2022-08-07 21:15:24,22.2855,114.1577,84.38,88,97,4.0,overcast clouds
14,Clyde River,CA,2022-08-07 21:15:54,70.4692,-68.5914,43.03,87,100,3.44,overcast clouds
15,High Level,CA,2022-08-07 21:15:54,58.5169,-117.136,72.14,42,92,9.48,overcast clouds
16,Dikson,RU,2022-08-07 21:11:09,73.5069,80.5464,42.1,100,100,9.44,light rain
17,Grindavik,IS,2022-08-07 21:15:55,63.8424,-22.4338,52.27,87,75,14.97,broken clouds
18,Chizhou,CN,2022-08-07 21:15:55,30.6578,117.4831,80.22,77,80,5.32,broken clouds
19,Norman Wells,CA,2022-08-07 21:15:56,65.282,-126.8329,63.7,52,100,6.04,overcast clouds
20,Hermanus,ZA,2022-08-07 21:12:00,-34.4187,19.2345,50.81,84,71,2.82,broken clouds
21,Rikitea,PF,2022-08-07 21:15:56,-23.1203,-134.9692,72.48,67,100,32.46,overcast clouds
22,Arraial Do Cabo,BR,2022-08-07 21:15:57,-22.9661,-42.0278,73.36,83,100,4.61,light rain
23,Hobart,AU,2022-08-07 21:13:05,-42.8794,147.3294,35.06,96,20,4.61,few clouds
24,Los Llanos De Aridane,ES,2022-08-07 21:15:58,28.6585,-17.9182,69.55,78,100,14.97,overcast clouds
25,Saint-Georges,GD,2022-08-07 21:12:00,12.0564,-61.7485,82.74,76,6,10.25,clear sky
26,Sisimiut,GL,2022-08-07 21:15:58,66.9395,-53.6735,40.57,96,100,6.67,overcast clouds
27,Souillac,MU,2022-08-07 21:12:42,-20.5167,57.5167,69.04,81,13,7.9,few clouds
28,Tiksi,RU,2022-08-07 21:15:59,71.6872,128.8694,46.22,96,100,3.89,light rain
29,Tuktoyaktuk,CA,2022-08-07 21:15:59,69.4541,-133.0374,48.2,71,100,4.61,overcast clouds
30,Puerto Ayora,EC,2022-08-07 21:16:00,-0.7393,-90.3518,76.96,88,62,5.01,broken clouds
31,Labuhan,ID,2022-08-07 21:16:00,-6.8844,112.2051,74.79,86,8,9.44,clear sky
32,Ancud,CL,2022-08-07 21:16:01,-41.8697,-73.8203,46.22,69,14,1.07,few clouds
33,Porto Novo,BJ,2022-08-07 21:16:01,6.4965,2.6036,76.82,83,33,9.13,scattered clouds
34,Mataura,NZ,2022-08-07 21:16:02,-46.1927,168.8643,34.48,85,10,6.38,clear sky
35,Hilo,US,2022-08-07 21:16:02,19.7297,-155.09,89.28,70,100,7.0,overcast clouds
36,Pathein,MM,2022-08-07 21:16:02,16.7833,94.7333,75.81,96,100,8.46,light rain
37,Albany,US,2022-08-07 21:14:00,42.6001,-73.9662,90.57,62,68,8.39,broken clouds
38,Atambua,ID,2022-08-07 21:16:03,-9.1061,124.8925,69.17,86,15,3.83,few clouds
39,Saskylakh,RU,2022-08-07 21:16:03,71.9167,114.0833,48.25,70,100,3.83,overcast clouds
40,Muli,MV,2022-08-07 21:16:04,2.9167,73.5667,81.34,77,98,12.91,overcast clouds
41,Wajid,SO,2022-08-07 21:16:04,3.8093,43.2471,71.89,57,31,22.39,scattered clouds
42,Katsuura,JP,2022-08-07 21:16:05,35.1333,140.3,80.58,88,5,12.88,clear sky
43,Thompson,CA,2022-08-07 21:15:28,55.7435,-97.8558,77.16,38,75,17.27,broken clouds
44,Madawaska,US,2022-08-07 21:16:05,47.3561,-68.3288,72.7,78,100,9.22,overcast clouds
45,Ostrovnoy,RU,2022-08-07 21:16:06,68.0531,39.5131,52.09,75,100,19.15,overcast clouds
46,Taoudenni,ML,2022-08-07 21:17:06,22.6783,-3.9836,104.27,9,1,9.53,clear sky
47,Lebanon,US,2022-08-07 21:17:07,36.2081,-86.2911,82.45,88,0,4.61,clear sky
48,Ushuaia,AR,2022-08-07 21:16:17,-54.8,-68.3,38.86,60,0,4.61,clear sky
49,Krasnoarmeysk,RU,2022-08-07 21:17:07,51.0239,45.6969,71.35,45,76,6.96,broken clouds
50,Mar Del Plata,AR,2022-08-07 21:14:33,-38.0023,-57.5575,47.08,82,40,6.91,scattered clouds
51,Provideniya,RU,2022-08-07 21:17:08,64.3833,-173.3,44.37,87,100,20.13,overcast clouds
52,Ponta Do Sol,PT,2022-08-07 21:17:09,32.6667,-17.1,72.72,81,1,3.42,clear sky
53,Codrington,AU,2022-08-07 21:17:09,-38.2667,141.9667,37.69,90,7,7.54,clear sky
54,Sistranda,NO,2022-08-07 21:17:10,63.7256,8.834,51.76,77,42,9.26,scattered clouds
55,Kodiak,US,2022-08-07 21:17:10,57.79,-152.4072,62.11,55,0,5.75,clear sky
56,Georgetown,MY,2022-08-07 21:12:38,5.4112,100.3354,81.9,88,20,0.0,few clouds
57,Port Elizabeth,ZA,2022-08-07 21:17:11,-33.918,25.5701,61.32,99,100,10.36,light intensity drizzle
58,Jamestown,US,2022-08-07 21:13:12,42.097,-79.2353,87.19,46,0,10.36,clear sky
59,Faanui,PF,2022-08-07 21:17:12,-16.4833,-151.75,76.98,71,78,25.03,broken clouds
60,Bambous Virieux,MU,2022-08-07 21:17:12,-20.3428,57.7575,67.21,94,75,5.75,broken clouds
61,New Norfolk,AU,2022-08-07 21:17:13,-42.7826,147.0587,34.72,87,13,2.59,few clouds
62,Constitucion,CL,2022-08-07 21:17:13,-35.3333,-72.4167,52.52,78,23,9.8,few clouds
63,Lavrentiya,RU,2022-08-07 21:17:13,65.5833,-171.0,36.9,89,100,16.62,moderate rain
64,Barrow,US,2022-08-07 21:16:01,71.2906,-156.7887,44.62,70,100,5.75,overcast clouds
65,Lebu,CL,2022-08-07 21:17:14,-37.6167,-73.65,47.1,85,100,9.51,overcast clouds
66,Potosi,BO,2022-08-07 21:17:15,-19.5836,-65.7531,47.57,7,100,15.79,overcast clouds
67,Hobyo,SO,2022-08-07 21:17:15,5.3505,48.5268,75.33,83,1,27.45,clear sky
68,Cape Town,ZA,2022-08-07 21:12:24,-33.9258,18.4232,59.11,86,51,3.0,broken clouds
69,Bredasdorp,ZA,2022-08-07 21:17:16,-34.5322,20.0403,53.42,95,13,5.01,few clouds
70,Fort-Shevchenko,KZ,2022-08-07 21:17:16,44.5086,50.263,83.34,37,100,18.34,overcast clouds
71,Mount Gambier,AU,2022-08-07 21:17:17,-37.8333,140.7667,39.2,91,10,4.47,clear sky
72,Qaanaaq,GL,2022-08-07 21:17:17,77.484,-69.3632,44.91,53,5,4.9,clear sky
73,Aklavik,CA,2022-08-07 21:17:17,68.2191,-135.0107,49.87,66,98,3.09,overcast clouds
74,Bluff,NZ,2022-08-07 21:17:18,-46.6,168.3333,34.81,64,45,19.35,scattered clouds
75,Broken Hill,AU,2022-08-07 21:17:18,-31.95,141.4333,44.94,75,6,7.7,clear sky
76,Novoagansk,RU,2022-08-07 21:17:19,61.9449,76.6625,57.33,74,93,0.34,overcast clouds
77,Lompoc,US,2022-08-07 21:17:22,34.6391,-120.4579,87.01,63,0,27.0,clear sky
78,Busselton,AU,2022-08-07 21:17:23,-33.65,115.3333,57.33,75,100,21.47,overcast clouds
79,Alice Springs,AU,2022-08-07 21:17:23,-23.7,133.8833,33.35,69,0,0.0,clear sky
80,Bethel,US,2022-08-07 21:17:23,41.3712,-73.414,92.05,62,0,14.97,clear sky
81,Saint-Augustin,CA,2022-08-07 21:17:24,51.226,-58.6502,73.54,73,100,22.15,overcast clouds
82,Severo-Kurilsk,RU,2022-08-07 21:17:24,50.6789,156.125,56.7,91,21,7.29,few clouds
83,Genhe,CN,2022-08-07 21:17:25,50.7833,121.5167,44.87,88,9,5.14,clear sky
84,Tanout,NE,2022-08-07 21:17:25,14.9709,8.8879,90.01,44,100,9.48,overcast clouds
85,Iqaluit,CA,2022-08-07 21:17:25,63.7506,-68.5145,45.7,87,99,8.01,overcast clouds
86,Kamaishi,JP,2022-08-07 21:17:26,39.2667,141.8833,75.31,90,97,6.82,overcast clouds
87,Dicabisagan,PH,2022-08-07 21:17:26,17.0818,122.4157,78.82,86,100,9.04,overcast clouds
88,Vaini,TO,2022-08-07 21:17:27,-21.2,-175.2,78.96,89,40,8.05,scattered clouds
89,Pataias,PT,2022-08-07 21:18:27,39.6698,-8.9958,65.71,85,0,3.29,clear sky
90,Lumatil,PH,2022-08-07 21:18:28,5.8747,124.8883,78.33,84,100,6.17,overcast clouds
91,Port Alfred,ZA,2022-08-07 21:18:28,-33.5906,26.891,62.19,97,100,5.01,light rain
92,Do Gonbadan,IR,2022-08-07 21:18:29,30.3586,50.7981,91.49,49,72,0.0,broken clouds
93,Bonfim,BR,2022-08-07 21:17:15,3.0833,-59.95,89.55,60,84,1.77,broken clouds
94,Newport,GB,2022-08-07 21:18:29,51.5877,-2.9984,68.68,62,2,7.78,clear sky
95,Yellowknife,CA,2022-08-07 21:15:11,62.456,-114.3525,63.12,67,75,6.91,broken clouds
96,Isangel,VU,2022-08-07 21:15:31,-19.55,169.2667,78.01,77,5,4.88,clear sky
97,Vargem Alta,BR,2022-08-07 21:18:30,-20.6714,-41.0069,67.98,63,17,3.71,few clouds
98,Kununurra,AU,2022-08-07 21:18:31,-15.7667,128.7333,67.98,73,84,3.44,broken clouds
99,Hamilton,US,2022-08-07 21:16:48,39.1834,-84.5333,90.37,70,20,4.61,few clouds
100,Cabo San Lucas,MX,2022-08-07 21:14:27,22.8909,-109.9124,91.18,68,75,4.0,broken clouds
101,Coihaique,CL,2022-08-07 21:18:32,-45.5752,-72.0662,39.15,75,100,4.61,overcast clouds
102,Pevek,RU,2022-08-07 21:18:32,69.7008,170.3133,32.43,94,100,16.93,overcast clouds
103,Olafsvik,IS,2022-08-07 21:18:33,64.8945,-23.7142,51.44,83,100,14.12,overcast clouds
104,Roma,US,2022-08-07 21:18:21,43.2128,-75.4557,89.69,60,20,8.05,few clouds
105,Key Largo,US,2022-08-07 21:14:26,25.0865,-80.4473,87.8,67,100,12.55,overcast clouds
106,Nikolskoye,RU,2022-08-07 21:18:34,59.7035,30.7861,58.89,79,11,3.65,few clouds
107,Cururupu,BR,2022-08-07 21:18:34,-1.8283,-44.8683,78.69,79,30,5.41,scattered clouds
108,Kaitangata,NZ,2022-08-07 21:18:35,-46.2817,169.8464,38.57,66,94,10.51,overcast clouds
109,Kapaa,US,2022-08-07 21:18:35,22.0752,-159.319,84.18,78,100,11.5,overcast clouds
110,Ilulissat,GL,2022-08-07 21:18:35,69.2167,-51.1,46.42,81,100,4.61,overcast clouds
111,Hovd,MN,2022-08-07 21:18:36,48.0056,91.6419,62.35,36,0,3.8,clear sky
112,Castro,BR,2022-08-07 21:18:37,-24.7911,-50.0119,57.54,95,100,2.24,moderate rain
113,Salinas,US,2022-08-07 21:18:37,36.6777,-121.6555,86.99,59,0,16.11,clear sky
114,Chokurdakh,RU,2022-08-07 21:18:37,70.6333,147.9167,47.93,51,100,13.87,overcast clouds
115,Ito,JP,2022-08-07 21:18:38,34.9667,139.0833,82.69,84,15,1.01,few clouds
116,Namatanai,PG,2022-08-07 21:18:38,-3.6667,152.4333,78.76,81,95,6.44,overcast clouds
117,Torbay,CA,2022-08-07 21:17:59,47.6666,-52.7314,76.39,78,75,20.71,broken clouds
118,Chuy,UY,2022-08-07 21:18:39,-33.6971,-53.4616,48.92,83,6,9.28,clear sky
119,Jieshi,CN,2022-08-07 21:18:39,22.8134,115.8257,81.41,82,90,11.18,overcast clouds
120,Richards Bay,ZA,2022-08-07 21:18:32,-28.783,32.0377,67.19,94,78,6.33,broken clouds
121,Hami,CN,2022-08-07 21:17:16,42.8,93.45,84.04,24,39,11.59,scattered clouds
122,Methoni,GR,2022-08-07 21:18:40,36.8197,21.7049,79.21,65,22,5.21,few clouds
123,Viedma,AR,2022-08-07 21:18:41,-40.8135,-62.9967,47.07,73,100,6.64,overcast clouds
124,Sola,VU,2022-08-07 21:17:17,-13.8833,167.55,79.21,78,24,6.49,few clouds
125,Lagoa,PT,2022-08-07 21:18:42,39.05,-27.9833,73.56,83,15,18.16,light rain
126,Okha,RU,2022-08-07 21:18:42,53.5739,142.9478,54.54,97,100,14.88,overcast clouds
127,Tautira,PF,2022-08-07 21:18:42,-17.7333,-149.15,75.11,74,95,22.95,overcast clouds
128,Bafq,IR,2022-08-07 21:18:43,31.6128,55.4107,90.75,16,1,1.79,clear sky
129,Ahipara,NZ,2022-08-07 21:15:09,-35.1667,173.1667,56.17,89,15,5.35,few clouds
130,Tuatapere,NZ,2022-08-07 21:18:44,-46.1333,167.6833,35.55,83,31,9.55,scattered clouds
131,Ribeira Grande,PT,2022-08-07 21:19:44,38.5167,-28.7,74.68,82,29,16.75,light rain
132,Korla,CN,2022-08-07 21:19:44,41.7597,86.1469,82.29,27,9,0.49,clear sky
133,Makakilo City,US,2022-08-07 21:19:45,21.3469,-158.0858,83.95,57,20,11.5,few clouds
134,Sao Joao Da Barra,BR,2022-08-07 21:19:45,-21.6403,-41.0511,75.29,88,16,14.99,few clouds
135,Boca Do Acre,BR,2022-08-07 21:19:46,-8.7522,-67.3978,87.15,52,100,1.34,overcast clouds
136,Seoul,KR,2022-08-07 21:18:18,37.5683,126.9778,81.97,89,100,10.36,moderate rain
137,Chingirlau,KZ,2022-08-07 21:19:46,51.095,54.0814,73.04,41,56,7.36,broken clouds
138,Aviles,ES,2022-08-07 21:19:47,43.5547,-5.9248,70.38,84,20,8.05,few clouds
139,Mayo,US,2022-08-07 21:19:47,38.8876,-76.5119,92.95,73,0,17.27,clear sky
140,Inhambane,MZ,2022-08-07 21:19:47,-23.865,35.3833,69.6,82,38,10.76,scattered clouds
141,Kalmunai,LK,2022-08-07 21:19:48,7.4167,81.8167,79.41,69,92,3.6,overcast clouds
142,Port Macquarie,AU,2022-08-07 21:19:48,-31.4333,152.9167,51.89,77,29,14.25,scattered clouds
143,Lexington,US,2022-08-07 21:15:11,37.9887,-84.4777,89.29,65,75,11.5,broken clouds
144,Miles City,US,2022-08-07 21:19:49,46.4083,-105.8406,77.97,44,20,9.22,few clouds
145,Saint-Philippe,RE,2022-08-07 21:19:50,-21.3585,55.7679,67.59,81,21,4.43,few clouds
146,Auki,SB,2022-08-07 21:19:50,-8.7676,160.7034,78.94,84,79,3.06,broken clouds
147,Spas-Demensk,RU,2022-08-07 21:19:50,54.4122,34.0226,58.89,97,100,6.64,overcast clouds
148,Maneadero,MX,2022-08-07 21:19:51,31.7167,-116.5667,75.09,82,54,4.0,broken clouds
149,Fairbanks,US,2022-08-07 21:17:05,64.8378,-147.7164,57.09,70,0,5.75,clear sky
150,Baruun-Urt,MN,2022-08-07 21:19:51,46.6806,113.2792,51.82,55,0,5.79,clear sky
151,Bulgan,MN,2022-08-07 21:19:52,48.8125,103.5347,51.8,88,48,0.65,scattered clouds
152,Karpogory,RU,2022-08-07 21:19:52,64.0019,44.4451,58.42,84,100,7.07,overcast clouds
153,Abu Dhabi,AE,2022-08-07 21:18:28,24.4667,54.3667,98.71,44,0,4.61,clear sky
154,Sinazongwe,ZM,2022-08-07 21:19:53,-17.2614,27.4618,67.37,35,0,2.75,clear sky
155,Guerrero Negro,MX,2022-08-07 21:19:53,27.9769,-114.0611,88.09,51,94,10.07,overcast clouds
156,Batagay-Alyta,RU,2022-08-07 21:19:54,67.8006,130.4114,53.11,88,56,4.45,broken clouds
157,East London,ZA,2022-08-07 21:19:54,-33.0153,27.9116,66.92,87,100,23.2,light rain
158,Quatre Cocos,MU,2022-08-07 21:19:54,-20.2078,57.7625,67.08,76,19,7.83,few clouds
159,Berlevag,NO,2022-08-07 21:19:55,70.8578,29.0864,48.2,93,75,12.66,broken clouds
160,Margate,GB,2022-08-07 21:18:36,51.3813,1.3862,62.91,72,4,1.99,clear sky
161,Kruisfontein,ZA,2022-08-07 21:15:56,-34.0033,24.7314,57.88,88,78,4.92,light rain
162,San Patricio,US,2022-08-07 21:19:56,28.017,-97.5169,97.52,43,51,17.29,broken clouds
163,Khatanga,RU,2022-08-07 21:19:56,71.9667,102.5,51.22,81,64,7.25,broken clouds
164,Chicama,PE,2022-08-07 21:19:56,-7.8447,-79.1469,61.34,64,43,9.66,scattered clouds
165,Rawson,AR,2022-08-07 21:19:57,-43.3002,-65.1023,42.87,71,100,10.63,overcast clouds
166,Lamu,KE,2022-08-07 21:19:57,-2.2717,40.902,73.62,81,31,18.12,scattered clouds
167,Leshukonskoye,RU,2022-08-07 21:15:55,64.8989,45.7622,59.58,86,100,3.8,overcast clouds
168,Teknaf,BD,2022-08-07 21:19:58,20.8624,92.3058,79.36,91,97,11.05,overcast clouds
169,Deputatskiy,RU,2022-08-07 21:19:58,69.3,139.9,46.67,96,100,4.23,overcast clouds
170,Jiangyou,CN,2022-08-07 21:19:59,31.7667,104.7167,77.74,89,100,3.33,heavy intensity rain
171,Tessalit,ML,2022-08-07 21:15:35,20.1986,1.0114,98.85,13,83,3.22,broken clouds
172,Geraldton,AU,2022-08-07 21:19:59,-28.7667,114.6,50.41,93,3,13.8,clear sky
173,Sault Sainte Marie,CA,2022-08-07 21:16:09,46.5168,-84.3333,66.49,76,100,5.75,overcast clouds
174,Along,IN,2022-08-07 21:20:00,28.1667,94.7667,76.32,95,51,1.63,heavy intensity rain
175,Jinji,CN,2022-08-07 21:20:00,23.2281,110.8261,77.38,88,15,2.91,few clouds
176,Hambantota,LK,2022-08-07 21:20:01,6.1241,81.1185,78.06,81,100,18.32,overcast clouds
177,Port Hedland,AU,2022-08-07 21:20:01,-20.3167,118.5667,53.65,62,0,8.05,clear sky
178,Sibu,MY,2022-08-07 21:20:02,2.3,111.8167,73.71,94,40,4.61,scattered clouds
179,San Francisco,US,2022-08-07 21:17:22,37.7749,-122.4194,84.76,71,20,19.57,few clouds
180,Penzance,GB,2022-08-07 21:21:02,50.1186,-5.5371,61.48,74,16,14.63,few clouds
181,Moroni,KM,2022-08-07 21:21:03,-11.7022,43.2551,73.58,76,5,6.4,clear sky
182,Avarua,CK,2022-08-07 21:21:04,-21.2078,-159.775,75.25,60,40,20.71,scattered clouds
183,Gazli,UZ,2022-08-07 21:21:04,40.1333,63.45,83.73,25,0,11.83,clear sky
184,Hasaki,JP,2022-08-07 21:21:04,35.7333,140.8333,79.29,91,10,11.72,clear sky
185,Whitehorse,CA,2022-08-07 21:21:05,60.7161,-135.0538,53.02,83,75,2.3,broken clouds
186,Yar-Sale,RU,2022-08-07 21:21:05,66.8333,70.8333,66.13,75,0,10.47,clear sky
187,Coos Bay,US,2022-08-07 21:18:32,43.3665,-124.2179,80.31,86,0,18.41,clear sky
188,Coquimbo,CL,2022-08-07 21:21:06,-29.9533,-71.3436,60.53,63,0,11.5,clear sky
189,Hofn,IS,2022-08-07 21:21:07,64.2539,-15.2082,52.59,98,100,11.61,overcast clouds
190,Vestmanna,FO,2022-08-07 21:21:07,62.1564,-7.1664,52.72,100,100,12.66,fog
191,Salalah,OM,2022-08-07 21:21:07,17.0151,54.0924,76.3,94,95,7.09,overcast clouds
192,Avera,US,2022-08-07 21:21:08,33.194,-82.5271,88.38,49,95,6.24,overcast clouds
193,Anaco,VE,2022-08-07 21:21:08,9.4389,-64.4728,81.91,65,96,5.03,overcast clouds
194,Grand Gaube,MU,2022-08-07 21:21:09,-20.0064,57.6608,67.37,78,8,4.0,clear sky
195,Etchojoa,MX,2022-08-07 21:21:09,26.9167,-109.6333,94.26,56,96,8.99,overcast clouds
196,Mattru,SL,2022-08-07 21:21:09,7.6244,-11.8332,73.02,95,89,3.0,overcast clouds
197,Stornoway,GB,2022-08-07 21:21:10,58.2093,-6.3865,57.92,89,100,10.36,overcast clouds
198,Uaua,BR,2022-08-07 21:21:10,-9.8414,-39.4817,75.76,64,70,16.78,broken clouds
199,Buba,GW,2022-08-07 21:21:11,11.5833,-15.0,75.81,95,100,6.17,moderate rain
200,Meulaboh,ID,2022-08-07 21:21:11,4.1363,96.1285,75.87,88,84,4.09,broken clouds
201,Imbituba,BR,2022-08-07 21:21:12,-28.24,-48.6703,64.85,99,100,4.05,heavy intensity rain
202,Mbuyapey,PY,2022-08-07 21:21:12,-26.2,-56.75,62.26,82,98,5.68,overcast clouds
203,Road Town,VG,2022-08-07 21:21:12,18.4167,-64.6167,84.29,84,40,12.66,scattered clouds
204,Itarema,BR,2022-08-07 21:21:13,-2.9248,-39.9167,78.53,80,55,18.45,broken clouds
205,Kavieng,PG,2022-08-07 21:21:13,-2.5744,150.7967,81.27,80,99,13.35,light rain
206,Pulivendla,IN,2022-08-07 21:21:14,14.4167,78.2333,78.08,73,100,23.24,light rain
207,Soyo,AO,2022-08-07 21:21:14,-6.1349,12.3689,68.4,88,5,7.34,clear sky
208,Kondinskoye,RU,2022-08-07 21:21:14,59.6481,67.41,63.23,67,43,3.06,scattered clouds
209,Byron Bay,AU,2022-08-07 21:21:15,-28.65,153.6167,46.71,74,0,9.6,clear sky
210,Pangnirtung,CA,2022-08-07 21:21:15,66.1451,-65.7125,44.92,85,100,2.42,overcast clouds
211,Hannibal,US,2022-08-07 21:16:37,39.7084,-91.3585,94.33,46,100,3.51,overcast clouds
212,Trairi,BR,2022-08-07 21:16:33,-3.2778,-39.2689,78.35,78,5,14.07,clear sky
213,Saint George,US,2022-08-07 21:21:01,37.1041,-113.5841,102.43,19,0,7.0,clear sky
214,Dawei,MM,2022-08-07 21:21:16,14.0833,98.2,75.18,95,100,6.55,moderate rain
215,Rockingham,US,2022-08-07 21:16:58,42.9668,-71.0995,93.47,76,87,10.71,overcast clouds
216,Acapulco,MX,2022-08-07 21:20:26,16.8634,-99.8901,87.62,70,75,9.22,broken clouds
217,Mino,JP,2022-08-07 21:21:17,34.8269,135.4706,83.43,83,75,3.44,broken clouds
218,Srikakulam,IN,2022-08-07 21:21:18,18.3,83.9,76.59,94,100,5.21,heavy intensity rain
219,Namie,JP,2022-08-07 21:21:18,37.4833,141.0,79.72,96,44,1.54,scattered clouds
220,Jiaojiang,CN,2022-08-07 21:21:19,28.6803,121.4428,80.01,94,14,3.6,few clouds
221,Airai,TL,2022-08-07 21:21:19,-8.9266,125.4092,57.34,58,9,2.95,clear sky
222,Vila Franca Do Campo,PT,2022-08-07 21:21:19,37.7167,-25.4333,72.01,88,29,6.69,light rain
223,Ulladulla,AU,2022-08-07 21:21:20,-35.35,150.4667,46.49,88,44,8.59,scattered clouds
224,Turukhansk,RU,2022-08-07 21:21:20,65.8167,87.9833,51.42,85,100,2.37,overcast clouds
225,Inverness,GB,2022-08-07 21:21:21,57.4791,-4.224,62.51,80,75,10.36,broken clouds
226,Pelym,RU,2022-08-07 21:22:21,61.0108,61.9978,66.27,72,71,3.96,broken clouds
227,Carnarvon,AU,2022-08-07 21:22:22,-24.8667,113.6333,62.08,77,0,11.7,clear sky
228,Zaraza,VE,2022-08-07 21:22:22,9.3503,-65.3245,87.8,59,99,4.9,overcast clouds
229,Mareeba,AU,2022-08-07 21:22:22,-17.0,145.4333,66.92,93,97,1.97,overcast clouds
230,Edd,ER,2022-08-07 21:22:23,13.9297,41.6925,91.11,62,98,3.22,overcast clouds
231,Mount Isa,AU,2022-08-07 21:22:23,-20.7333,139.5,51.57,43,0,5.75,clear sky
232,Hopelchen,MX,2022-08-07 21:19:27,19.7667,-89.85,86.41,58,100,8.05,overcast clouds
233,Bambanglipuro,ID,2022-08-07 21:22:24,-7.95,110.2833,74.62,86,90,4.5,overcast clouds
234,Tivaouane,SN,2022-08-07 21:22:24,14.9515,-16.8129,82.74,73,73,10.63,light rain
235,Longyearbyen,SJ,2022-08-07 21:21:56,78.2186,15.6401,46.24,93,75,9.22,broken clouds
236,Santa Cruz,BO,2022-08-07 21:20:26,-17.8,-63.1667,69.85,94,100,10.36,overcast clouds
237,Paamiut,GL,2022-08-07 21:22:25,61.994,-49.6678,43.18,88,4,18.99,clear sky
238,Alofi,NU,2022-08-07 21:22:25,-19.0595,-169.9187,80.49,69,5,11.5,clear sky
239,Lulea,SE,2022-08-07 21:22:26,65.5842,22.1547,53.67,71,0,5.75,clear sky
240,La Ronge,CA,2022-08-07 21:22:27,55.1001,-105.2842,80.85,34,40,10.36,scattered clouds
241,Ixtapa,MX,2022-08-07 21:19:14,20.7,-105.2,87.22,66,100,6.91,overcast clouds
242,Palu,ID,2022-08-07 21:22:27,-0.8917,119.8707,74.77,97,100,2.21,overcast clouds
243,Inirida,CO,2022-08-07 21:22:18,3.8653,-67.9239,81.52,75,95,1.5,overcast clouds
244,Pimampiro,EC,2022-08-07 21:22:28,0.4,-77.9667,69.06,54,51,6.98,broken clouds
245,Yumen,CN,2022-08-07 21:22:29,40.2833,97.2,69.94,50,82,5.93,broken clouds
246,Bredy,RU,2022-08-07 21:22:29,52.4153,60.3411,64.11,77,83,7.7,broken clouds
247,Carbonia,IT,2022-08-07 21:22:29,39.1672,8.5222,82.0,83,0,6.29,clear sky
248,Flinders,AU,2022-08-07 21:22:30,-34.5833,150.8552,49.37,79,26,11.39,scattered clouds
249,Primorsk,UA,2022-08-07 21:22:30,46.7348,36.3443,78.8,35,6,10.6,clear sky
250,Tecoanapa,MX,2022-08-07 21:22:31,16.5167,-98.75,85.8,69,97,8.88,overcast clouds
251,Broome,US,2022-08-07 21:22:31,42.2506,-75.833,88.9,60,75,9.22,broken clouds
252,Pisco,PE,2022-08-07 21:22:32,-13.7,-76.2167,66.25,68,20,16.11,few clouds
253,Voh,NC,2022-08-07 21:22:32,-20.9667,164.7,73.15,86,26,2.08,scattered clouds
254,Shalakusha,RU,2022-08-07 21:22:33,62.2247,40.2539,53.56,81,100,4.45,overcast clouds
255,Maniitsoq,GL,2022-08-07 21:22:33,65.4167,-52.9,39.85,95,100,2.89,overcast clouds
256,Pecos,US,2022-08-07 21:21:08,31.4229,-103.4932,98.69,22,40,10.36,scattered clouds
257,Japura,ID,2022-08-07 21:22:34,-0.3167,102.35,73.87,96,42,2.35,scattered clouds
258,Nome,US,2022-08-07 21:22:34,64.5011,-165.4064,48.27,87,100,11.5,overcast clouds
259,Aripuana,BR,2022-08-07 21:22:34,-9.1667,-60.6333,89.38,45,77,2.37,moderate rain
260,Guilin,CN,2022-08-07 21:22:35,25.2819,110.2864,75.31,89,91,0.69,overcast clouds
261,Mayumba,GA,2022-08-07 21:22:35,-3.432,10.6554,67.57,89,48,5.17,scattered clouds
262,Abha,SA,2022-08-07 21:22:36,18.2164,42.5053,66.02,88,0,6.91,clear sky
263,Portland,US,2022-08-07 21:20:35,45.5234,-122.6762,100.53,29,0,12.66,clear sky
264,Kloulklubed,PW,2022-08-07 21:22:36,7.0419,134.2556,81.64,78,100,12.24,overcast clouds
265,Daru,PG,2022-08-07 21:22:37,-9.0763,143.2092,77.07,90,90,14.9,overcast clouds
266,Yingkou,CN,2022-08-07 21:22:37,40.6648,122.2283,73.87,91,65,15.66,broken clouds
267,Amapa,BR,2022-08-07 21:22:38,1.0,-52.0,81.28,70,88,3.62,overcast clouds
268,Sao Geraldo Do Araguaia,BR,2022-08-07 21:22:38,-6.4006,-48.555,90.82,27,30,4.07,scattered clouds
269,Klaksvik,FO,2022-08-07 21:22:39,62.2266,-6.589,54.52,98,98,15.64,overcast clouds
270,Santa Teresita,PH,2022-08-07 21:22:39,13.8664,120.9814,72.45,97,100,2.35,overcast clouds
271,Ust-Maya,RU,2022-08-07 21:23:39,60.4167,134.5333,54.9,81,100,4.25,overcast clouds
272,Suamico,US,2022-08-07 21:23:40,44.6319,-88.0393,70.57,93,100,9.22,mist
273,Fort Nelson,CA,2022-08-07 21:23:40,58.8053,-122.7002,72.99,38,75,6.91,broken clouds
274,Bairnsdale,AU,2022-08-07 21:23:41,-37.8333,147.6167,42.06,96,53,3.69,broken clouds
275,Lipin Bor,RU,2022-08-07 21:23:41,60.2622,37.9763,56.05,79,100,7.11,overcast clouds
276,Hualmay,PE,2022-08-07 21:23:42,-11.0964,-77.6139,64.42,76,57,12.77,broken clouds
277,Novikovo,RU,2022-08-07 21:23:42,51.1537,37.8879,71.1,44,71,4.5,broken clouds
278,Kalangala,UG,2022-08-07 21:23:42,-0.3089,32.225,69.15,67,9,9.75,clear sky
279,Tignoan,PH,2022-08-07 21:23:43,14.5647,121.6197,76.26,94,100,4.79,overcast clouds
280,Sergeyevka,KZ,2022-08-07 21:23:43,53.88,67.4158,60.24,84,94,7.81,overcast clouds
281,Maracacume,BR,2022-08-07 21:23:44,-2.0428,-45.9592,79.45,75,83,4.34,broken clouds
282,Maldonado,UY,2022-08-07 21:21:57,-34.6667,-54.9167,49.39,84,57,7.27,broken clouds
283,Healdsburg,US,2022-08-07 21:23:45,38.6105,-122.8692,93.9,47,20,6.91,few clouds
284,Kinkala,CG,2022-08-07 21:23:45,-4.3614,14.7644,74.12,50,9,3.89,clear sky
285,Karaidel,RU,2022-08-07 21:23:46,55.8337,56.9069,67.57,75,94,1.95,overcast clouds
286,Erzin,TR,2022-08-07 21:23:46,36.9559,36.2,77.18,85,66,4.09,broken clouds
287,Jalu,LY,2022-08-07 21:23:46,29.0331,21.5482,82.9,47,0,15.32,clear sky
288,Narsaq,GL,2022-08-07 21:23:47,60.9167,-46.05,53.82,65,3,1.66,clear sky
289,Vytegra,RU,2022-08-07 21:23:47,61.0064,36.4481,53.8,84,28,5.66,scattered clouds
290,Malumfashi,NG,2022-08-07 21:23:48,11.7853,7.6218,78.17,71,99,11.07,overcast clouds
291,Upernavik,GL,2022-08-07 21:23:48,72.7868,-56.1549,42.37,83,78,8.23,broken clouds
292,San Policarpo,PH,2022-08-07 21:23:49,12.1791,125.5072,75.6,86,100,2.82,overcast clouds
293,Esperance,AU,2022-08-07 21:23:49,-33.8667,121.9,48.76,84,0,12.1,clear sky
294,Terrace,CA,2022-08-07 21:22:47,54.5163,-128.6035,75.11,46,75,16.11,broken clouds
295,Poum,NC,2022-08-07 21:23:50,-20.2333,164.0167,74.62,83,0,11.65,clear sky
296,Kuala Terengganu,MY,2022-08-07 21:23:50,5.3302,103.1408,78.75,94,20,3.44,few clouds
297,Ostersund,SE,2022-08-07 21:23:51,63.1792,14.6357,54.05,71,75,4.0,broken clouds
298,Rocha,UY,2022-08-07 21:23:33,-34.4833,-54.3333,45.3,84,91,6.22,overcast clouds
299,Khairpur,PK,2022-08-07 21:23:52,27.5295,68.7617,87.8,51,37,6.85,scattered clouds
300,Never,FR,2022-08-07 21:23:52,46.9896,3.159,71.35,32,0,9.01,clear sky
301,Pangkalanbuun,ID,2022-08-07 21:23:52,-2.6833,111.6167,70.84,97,14,2.3,few clouds
302,Pakxan,LA,2022-08-07 21:23:53,18.3778,103.6601,73.35,98,100,2.86,light rain
303,Bayan,CN,2022-08-07 21:23:53,46.0833,127.4,58.46,96,1,6.2,clear sky
304,Kahului,US,2022-08-07 21:23:54,20.8947,-156.47,91.42,40,20,18.41,few clouds
305,Alekseyevsk,RU,2022-08-07 21:19:50,57.8406,108.3492,51.15,98,100,4.09,overcast clouds
306,Saldanha,ZA,2022-08-07 21:23:54,-33.0117,17.9442,55.45,96,32,13.85,scattered clouds
307,Khasan,RU,2022-08-07 21:23:48,42.4308,130.6434,72.54,96,15,2.68,few clouds
308,Zhanaozen,KZ,2022-08-07 21:23:55,43.3,52.8,79.5,19,100,12.77,overcast clouds
309,Labrea,BR,2022-08-07 21:23:55,-7.2586,-64.7981,83.66,61,83,3.42,broken clouds
310,Leh,IN,2022-08-07 21:23:10,34.1667,77.5833,66.11,50,42,4.99,scattered clouds
311,Rio Grande,BR,2022-08-07 21:23:56,-32.035,-52.0986,57.31,80,100,15.84,overcast clouds
312,Salekhard,RU,2022-08-07 21:23:56,66.53,66.6019,67.77,69,36,7.02,scattered clouds
313,Coahuayana,MX,2022-08-07 21:23:57,18.7333,-103.6833,88.9,59,61,6.04,broken clouds
314,Olinda,BR,2022-08-07 21:23:57,-8.0089,-34.8553,78.53,65,40,6.91,scattered clouds
315,Marsa Matruh,EG,2022-08-07 21:23:58,31.3525,27.2453,79.2,75,0,8.77,clear sky
316,Sawakin,SD,2022-08-07 21:24:58,19.1059,37.3321,91.17,53,100,15.1,overcast clouds
317,Cherskiy,RU,2022-08-07 21:24:59,68.75,161.3,41.88,65,93,2.46,overcast clouds
318,Ballina,AU,2022-08-07 21:23:33,-28.8667,153.5667,46.78,75,0,8.9,clear sky
319,Gravdal,NO,2022-08-07 21:24:59,68.1214,13.5031,49.89,100,75,6.91,broken clouds
320,Oriximina,BR,2022-08-07 21:25:00,-1.7656,-55.8661,89.53,48,36,5.66,scattered clouds
321,Alpine,US,2022-08-07 21:25:00,32.835,-116.7664,99.28,32,0,6.91,clear sky
322,Quang Ngai,VN,2022-08-07 21:25:01,15.1167,108.8,75.58,95,100,4.03,light rain
323,Akyab,MM,2022-08-07 21:25:01,20.15,92.9,80.08,89,100,11.05,overcast clouds
324,Vernon,CA,2022-08-07 21:25:02,50.2581,-119.2691,93.76,22,0,1.01,clear sky
325,Tumut,AU,2022-08-07 21:25:02,-35.3,148.2167,38.75,93,44,2.53,scattered clouds
326,Labranzagrande,CO,2022-08-07 21:25:03,5.5622,-72.575,72.54,86,91,3.42,overcast clouds
327,Clarence Town,AU,2022-08-07 21:25:03,-32.5833,151.7833,51.85,94,90,4.9,overcast clouds
328,Rivadavia,AR,2022-08-07 21:25:04,-33.1905,-68.4608,39.49,87,100,17.65,overcast clouds
329,Bengkulu,ID,2022-08-07 21:25:04,-3.8004,102.2655,74.46,88,13,4.83,few clouds
330,Kargil,IN,2022-08-07 21:25:05,34.5667,76.1,60.01,59,23,6.78,few clouds
331,Galesong,ID,2022-08-07 21:25:05,-5.3166,119.3661,73.42,83,54,6.8,broken clouds
332,Arlit,NE,2022-08-07 21:25:00,18.7369,7.3853,102.13,17,100,7.27,overcast clouds
333,Sitka,US,2022-08-07 21:25:06,57.0531,-135.33,55.29,82,100,8.05,light rain
334,Michigan City,US,2022-08-07 21:20:35,41.7075,-86.895,79.32,89,0,0.0,clear sky
335,Pozo Colorado,PY,2022-08-07 21:25:06,-23.4923,-58.7972,60.89,95,100,4.52,overcast clouds
336,Nezhinka,RU,2022-08-07 21:25:07,51.7676,55.3694,69.96,52,0,7.0,clear sky
337,Charters Towers,AU,2022-08-07 21:25:07,-20.1,146.2667,54.61,43,6,9.93,clear sky
338,Beisfjord,NO,2022-08-07 21:25:08,68.3751,17.5988,54.05,97,100,4.21,overcast clouds
339,Caravelas,BR,2022-08-07 21:25:08,-17.7125,-39.2481,73.94,79,0,9.62,clear sky
340,Nishihara,JP,2022-08-07 21:25:09,26.1842,127.7558,81.68,81,20,4.61,few clouds
341,Mao,ES,2022-08-07 21:25:09,39.8885,4.2658,81.16,74,0,5.75,clear sky
342,Leningradskiy,RU,2022-08-07 21:25:09,69.3833,178.4167,32.16,96,100,20.24,light snow
343,Cayenne,GF,2022-08-07 21:25:10,4.9333,-52.3333,84.24,1,0,6.91,clear sky
344,Kamariotissa,GR,2022-08-07 21:25:10,40.4833,25.4667,79.7,62,0,23.89,clear sky
345,Vrangel,RU,2022-08-07 21:25:11,42.7297,133.0839,72.09,99,92,4.92,overcast clouds
346,Inuvik,CA,2022-08-07 21:25:11,68.3499,-133.7218,54.46,66,75,4.61,broken clouds
347,Gornozavodsk,RU,2022-08-07 21:25:11,58.3758,58.3211,64.72,74,59,0.38,broken clouds
348,Kapit,MY,2022-08-07 21:25:12,2.0167,112.9333,72.01,97,95,0.49,overcast clouds
349,Rantauprapat,ID,2022-08-07 21:25:12,2.1,99.8333,72.12,94,89,2.77,overcast clouds
350,Ouidah,BJ,2022-08-07 21:25:13,6.3631,2.0851,76.86,84,11,12.93,few clouds
351,Tubuala,PA,2022-08-07 21:25:13,9.5167,-79.0333,80.6,81,100,4.09,overcast clouds
352,Mutoko,ZW,2022-08-07 21:25:14,-17.397,32.2268,53.47,46,0,3.69,clear sky
353,Banyo,CM,2022-08-07 21:25:14,6.75,11.8167,65.53,93,100,1.7,overcast clouds
354,Seminole,US,2022-08-07 21:25:14,28.7086,-81.2081,93.27,62,20,17.27,few clouds
355,Ippy,CF,2022-08-07 21:25:15,6.2679,21.2247,68.29,97,100,2.73,overcast clouds
356,Vao,NC,2022-08-07 21:25:15,-22.6667,167.4833,72.25,83,0,10.89,clear sky
357,Severnyy,RU,2022-08-07 21:25:16,50.677,36.5532,71.64,53,0,6.71,clear sky
358,Itacare,BR,2022-08-07 21:25:16,-14.2775,-38.9967,71.94,75,12,5.75,few clouds
359,Barcarena,BR,2022-08-07 21:25:16,-1.5058,-48.6258,84.25,74,65,11.01,broken clouds
360,Methven,NZ,2022-08-07 21:25:17,-43.6333,171.65,32.02,99,100,3.15,overcast clouds
361,Itaqui,BR,2022-08-07 21:23:22,-29.1253,-56.5531,57.7,83,100,13.4,overcast clouds
362,Gwanda,ZW,2022-08-07 21:26:17,-20.9333,29.0,63.16,31,0,6.15,clear sky
363,Bansang,GM,2022-08-07 21:26:18,13.4333,-14.65,78.58,90,59,5.41,light rain
364,Yarada,IN,2022-08-07 21:26:18,17.65,83.2667,80.92,83,75,10.36,mist
365,Urumqi,CN,2022-08-07 21:26:02,43.801,87.6005,76.15,38,0,4.47,clear sky
366,Sao Jose Da Coroa Grande,BR,2022-08-07 21:25:24,-8.8978,-35.1478,75.02,72,47,9.46,scattered clouds
367,Araouane,ML,2022-08-07 21:26:19,18.9048,-3.5265,102.99,15,9,5.7,clear sky
368,Roanoke Rapids,US,2022-08-07 21:26:20,36.4615,-77.6542,90.18,79,40,5.75,scattered clouds
369,Sao Miguel Do Araguaia,BR,2022-08-07 21:26:20,-13.275,-50.1628,91.8,23,96,4.68,overcast clouds
370,Clifton,US,2022-08-07 21:21:31,40.8584,-74.1638,96.1,54,0,18.41,clear sky
371,Bowen,AU,2022-08-07 21:26:21,-20.0167,148.2333,63.14,90,28,7.11,scattered clouds
372,Pasni,PK,2022-08-07 21:26:21,25.2631,63.471,80.42,89,100,8.05,overcast clouds
373,Russell,US,2022-08-07 21:26:21,32.3502,-85.1999,94.28,46,0,4.61,clear sky
374,Uzhur,RU,2022-08-07 21:26:22,55.3036,89.8339,53.06,79,46,1.99,scattered clouds
375,New Glasgow,CA,2022-08-07 21:22:54,45.5834,-62.6486,89.38,61,47,12.71,scattered clouds
376,Andros Town,BS,2022-08-07 21:26:23,24.7,-77.7667,84.16,68,20,15.48,few clouds
377,Impfondo,CG,2022-08-07 21:26:23,1.6381,18.0667,71.87,95,95,3.04,light rain
378,Savannah Bight,HN,2022-08-07 21:26:23,16.45,-85.85,82.76,78,58,17.0,broken clouds
379,Muisne,EC,2022-08-07 21:26:24,0.6,-80.0333,75.87,81,83,9.17,broken clouds
380,Roald,NO,2022-08-07 21:26:25,62.5833,6.1333,59.76,94,75,8.05,broken clouds
381,Ranong,TH,2022-08-07 21:26:25,9.9658,98.6348,78.64,87,100,11.14,moderate rain
382,Vilyuysk,RU,2022-08-07 21:26:25,63.7553,121.6247,50.07,92,60,3.42,broken clouds
383,Husavik,IS,2022-08-07 21:26:26,66.0449,-17.3389,54.03,92,100,3.18,overcast clouds
384,Faya,SA,2022-08-07 21:26:27,18.3851,42.4509,66.31,84,66,3.87,broken clouds
385,Buala,SB,2022-08-07 21:26:28,-8.145,159.5921,81.01,76,97,1.74,light rain
386,Nykoping,SE,2022-08-07 21:26:28,58.753,17.0079,57.06,82,0,6.91,clear sky
387,Mahebourg,MU,2022-08-07 21:26:28,-20.4081,57.7,66.25,94,75,5.75,broken clouds
388,La Trinidad,PH,2022-08-07 21:26:29,16.455,120.5875,61.66,93,100,5.46,overcast clouds
389,Tateyama,JP,2022-08-07 21:26:29,34.9833,139.8667,81.1,87,19,11.81,few clouds
390,Mangan,IN,2022-08-07 21:26:30,27.5167,88.5333,75.38,88,12,2.98,few clouds
391,Vardo,NO,2022-08-07 21:26:30,70.3705,31.1107,48.18,87,75,11.5,broken clouds
392,Salmas,IR,2022-08-07 21:26:31,38.1973,44.7653,72.81,37,0,5.57,clear sky
393,Cockburn Town,TC,2022-08-07 21:26:31,21.4612,-71.1419,82.08,84,77,21.03,broken clouds
394,Luanda,AO,2022-08-07 21:26:31,-8.8368,13.2343,68.0,88,1,4.61,clear sky
395,Luderitz,NA,2022-08-07 21:26:16,-26.6481,15.1594,56.88,76,0,8.95,clear sky
396,Bibiani,GH,2022-08-07 21:26:32,6.4635,-2.3194,70.0,89,40,3.02,scattered clouds
397,Muana,BR,2022-08-07 21:26:33,-1.5283,-49.2167,82.06,70,97,5.59,overcast clouds
398,Noumea,NC,2022-08-07 21:22:25,-22.2763,166.4572,75.0,99,60,6.02,broken clouds
399,Srivardhan,IN,2022-08-07 21:26:33,18.0333,73.0167,78.22,93,100,11.5,moderate rain
400,Beirut,LB,2022-08-07 21:26:34,33.8889,35.4944,81.34,65,75,6.91,broken clouds
401,Lagos,NG,2022-08-07 21:22:54,6.5833,3.75,77.32,83,67,7.11,broken clouds
402,Gazanjyk,TM,2022-08-07 21:26:34,39.2446,55.5154,88.16,24,0,7.81,clear sky
403,Namibe,AO,2022-08-07 21:26:35,-15.1961,12.1522,61.81,89,38,1.5,scattered clouds
404,Qandala,SO,2022-08-07 21:26:35,11.472,49.8728,89.62,49,99,7.58,overcast clouds
405,Port Lincoln,AU,2022-08-07 21:26:36,-34.7333,135.8667,47.64,76,1,7.14,clear sky
406,Nemuro,JP,2022-08-07 21:26:36,43.3236,145.575,65.3,98,100,14.7,overcast clouds
407,Chakan,IN,2022-08-07 21:26:37,18.75,73.85,72.34,96,100,7.2,moderate rain
408,Iquique,CL,2022-08-07 21:26:37,-20.2208,-70.1431,59.04,74,27,4.7,scattered clouds
409,Camocim,BR,2022-08-07 21:27:09,-2.9022,-40.8411,81.09,72,80,19.37,broken clouds
410,Kavaratti,IN,2022-08-07 21:26:39,10.5669,72.642,80.55,83,99,23.8,overcast clouds
411,Bagdarin,RU,2022-08-07 21:27:38,54.4333,113.6,40.55,89,24,4.45,few clouds
412,Pochutla,MX,2022-08-07 21:27:38,15.7432,-96.4661,86.83,59,100,6.64,overcast clouds
413,Innisfail,AU,2022-08-07 21:27:39,-17.5333,146.0333,70.18,91,99,6.02,overcast clouds
414,Cam Ranh,VN,2022-08-07 21:27:39,11.9214,109.1591,76.96,94,40,4.61,scattered clouds
415,Sicamous,CA,2022-08-07 21:27:40,50.8331,-118.9856,89.19,29,0,4.36,clear sky
416,Jinchang,CN,2022-08-07 21:27:40,38.4953,102.1739,70.52,49,45,1.54,scattered clouds
417,Teguldet,RU,2022-08-07 21:27:40,57.3064,88.1667,58.87,83,90,3.89,overcast clouds
418,Dunedin,NZ,2022-08-07 21:25:51,-45.8742,170.5036,41.81,48,86,7.0,overcast clouds
419,Nikolsk,RU,2022-08-07 21:27:41,53.7189,46.0712,65.12,64,11,3.8,few clouds
420,Horta,PT,2022-08-07 21:24:30,38.5333,-28.6333,73.81,83,41,14.81,light rain
421,Torrejon De Ardoz,ES,2022-08-07 21:27:42,40.4553,-3.4697,91.29,19,0,3.44,clear sky
422,Grand Bank,CA,2022-08-07 21:27:42,47.0999,-55.765,74.98,92,96,16.62,overcast clouds
423,Suntar,RU,2022-08-07 21:26:46,62.1444,117.6319,50.34,86,66,3.4,broken clouds
424,Vila Velha,BR,2022-08-07 21:26:54,-20.3297,-40.2925,76.95,83,0,12.66,clear sky
425,Ankara,TR,2022-08-07 21:27:43,39.9199,32.8543,73.2,62,0,3.44,clear sky
426,Redcliffe,AU,2022-08-07 21:27:43,-27.2307,153.0973,52.32,76,0,6.91,clear sky
427,Komsomolskiy,UZ,2022-08-07 21:27:44,40.4272,71.7189,80.71,24,3,6.38,clear sky
428,Tashtyp,RU,2022-08-07 21:27:44,52.7939,89.8983,50.58,81,96,1.66,overcast clouds
429,Laje,BR,2022-08-07 21:27:45,-10.1833,-40.9667,77.41,38,9,6.2,clear sky
430,Kumluca,TR,2022-08-07 21:27:45,36.3703,30.2869,79.16,75,2,1.81,clear sky
431,Siocon,PH,2022-08-07 21:23:56,7.7061,122.1353,75.78,86,100,4.99,overcast clouds
432,Mehran,IR,2022-08-07 21:27:46,33.1222,46.1646,101.68,15,1,10.71,clear sky
433,Marsh Harbour,BS,2022-08-07 21:23:34,26.5412,-77.0636,83.79,70,100,12.97,overcast clouds
434,Nouadhibou,MR,2022-08-07 21:27:46,20.931,-17.0347,75.18,88,62,10.36,broken clouds
435,Nyrob,RU,2022-08-07 21:27:47,60.733,56.7202,66.09,73,72,2.68,broken clouds
436,Kibungo,RW,2022-08-07 21:27:47,-2.1597,30.5427,63.88,52,15,0.56,few clouds
437,Rundu,NA,2022-08-07 21:27:15,-17.9333,19.7667,63.77,28,0,5.03,clear sky
438,Pasinler,TR,2022-08-07 21:27:48,39.9803,41.6764,68.99,70,0,4.41,clear sky
439,Barra Patuca,HN,2022-08-07 21:27:48,15.8,-84.2833,81.63,84,100,11.63,overcast clouds
440,Trapani,IT,2022-08-07 21:27:48,37.8333,12.6667,81.23,78,0,2.3,clear sky
441,Guaymas,MX,2022-08-07 21:27:49,27.9333,-110.9,92.88,66,40,6.91,scattered clouds
442,Tampakan,PH,2022-08-07 21:27:49,6.4442,124.9264,72.28,99,100,1.97,overcast clouds
443,Tomaszow Mazowiecki,PL,2022-08-07 21:27:50,51.5313,20.0086,60.57,10,41,5.97,scattered clouds
444,Ishigaki,JP,2022-08-07 21:27:50,24.3448,124.1572,84.33,84,75,5.75,broken clouds
445,Samarai,PG,2022-08-07 21:27:50,-10.6167,150.6667,79.83,76,54,13.44,broken clouds
446,Mantua,IT,2022-08-07 21:27:51,45.1667,10.7833,79.84,83,40,5.88,scattered clouds
447,Sumbe,AO,2022-08-07 21:27:51,-11.2061,13.8437,67.55,89,48,7.23,scattered clouds
448,Tambun,ID,2022-08-07 21:27:52,-6.2641,107.0712,80.49,83,10,3.42,clear sky
449,Vostok,RU,2022-08-07 21:27:52,46.4856,135.8833,64.38,99,100,3.11,overcast clouds
450,Klyuchi,RU,2022-08-07 21:27:52,52.2667,79.1667,62.13,68,7,6.46,clear sky
451,Touros,BR,2022-08-07 21:24:07,-5.1989,-35.4608,76.55,76,8,12.21,clear sky
452,Lasa,IT,2022-08-07 21:27:53,46.6166,10.7002,67.08,89,84,1.32,broken clouds
453,Dhule,IN,2022-08-07 21:27:53,20.9,74.7833,78.22,89,100,5.28,light rain
454,Eyl,SO,2022-08-07 21:27:54,7.9803,49.8164,76.24,69,5,26.31,clear sky
455,Smithers,CA,2022-08-07 21:27:54,54.7804,-127.1743,73.72,38,75,0.0,broken clouds
456,Teya,RU,2022-08-07 21:23:22,60.3778,92.6267,52.09,93,22,1.19,few clouds
457,Strelka,RU,2022-08-07 21:27:56,58.0728,93.0344,58.89,79,99,1.19,overcast clouds
458,Zholymbet,KZ,2022-08-07 21:28:57,51.7433,71.7122,59.49,90,87,6.02,overcast clouds
459,Veraval,IN,2022-08-07 21:28:57,20.9,70.3667,81.18,89,100,13.42,overcast clouds
460,Sao Filipe,CV,2022-08-07 21:25:08,14.8961,-24.4956,79.79,83,93,5.01,light rain
461,Luena,AO,2022-08-07 21:28:58,-11.7833,19.9167,58.23,31,0,5.01,clear sky
462,Arona,ES,2022-08-07 21:28:58,28.0996,-16.681,71.69,73,0,12.66,clear sky
463,North Bend,US,2022-08-07 21:28:58,43.4065,-124.2243,80.24,85,0,18.41,clear sky
464,Marawi,PH,2022-08-07 21:28:59,7.9986,124.2928,67.37,95,90,0.98,overcast clouds
465,Naze,JP,2022-08-07 21:24:09,28.3667,129.4833,76.12,79,2,2.33,clear sky
466,Merced,US,2022-08-07 21:27:17,37.1666,-120.7516,94.05,35,0,9.22,clear sky
467,Malartic,CA,2022-08-07 21:28:52,48.1335,-78.1328,66.02,70,98,7.05,overcast clouds
468,Jiayuguan,CN,2022-08-07 21:29:00,39.8167,98.3,69.8,51,36,2.64,scattered clouds
469,Fallon,US,2022-08-07 21:24:59,39.4735,-118.7774,96.67,15,20,8.05,few clouds
470,Omboue,GA,2022-08-07 21:29:01,-1.5746,9.2618,70.68,79,53,7.81,broken clouds
471,Boguchar,RU,2022-08-07 21:29:01,49.9358,40.545,73.51,35,56,6.67,broken clouds
472,Ales,FR,2022-08-07 21:29:02,44.1333,4.0833,81.68,41,5,6.49,clear sky
473,Cedar City,US,2022-08-07 21:24:23,37.6775,-113.0619,88.39,19,0,8.05,clear sky
474,Farafangana,MG,2022-08-07 21:29:02,-22.8167,47.8333,65.95,87,1,3.2,clear sky
475,North Platte,US,2022-08-07 21:24:04,41.1239,-100.7654,71.49,68,100,10.36,overcast clouds
476,Balkanabat,TM,2022-08-07 21:29:03,39.5108,54.3671,88.0,36,3,2.55,clear sky
477,Ayagoz,KZ,2022-08-07 21:29:03,47.9714,80.4392,62.28,35,56,7.05,broken clouds
478,Basco,PH,2022-08-07 21:29:04,20.4487,121.9702,84.94,74,100,17.0,overcast clouds
479,Chum Phae,TH,2022-08-07 21:29:04,16.5443,102.0992,73.87,95,100,3.06,moderate rain
480,Abay,KZ,2022-08-07 21:29:05,49.6311,72.8539,53.98,55,62,7.61,broken clouds
481,Mackenzie,CA,2022-08-07 21:29:05,55.2999,-123.1698,73.62,38,75,11.5,broken clouds
482,Taltal,CL,2022-08-07 21:29:05,-25.4,-70.4833,63.86,57,46,3.22,scattered clouds
483,Tomatlan,MX,2022-08-07 21:29:06,19.9333,-105.25,89.19,57,71,8.7,broken clouds
484,Laramie,US,2022-08-07 21:24:51,41.3114,-105.5911,82.09,29,40,11.5,scattered clouds
485,La Joya,MX,2022-08-07 21:27:43,18.6667,-99.4667,87.31,46,100,1.23,overcast clouds
486,Xiangxiang,CN,2022-08-07 21:28:10,27.7333,112.5333,81.37,68,58,3.89,broken clouds
487,Foshan,CN,2022-08-07 21:25:00,23.0268,113.1315,85.95,70,84,6.38,broken clouds
488,Tromso,NO,2022-08-07 21:29:07,69.6496,18.957,50.02,76,75,3.44,broken clouds
489,Shenjiamen,CN,2022-08-07 21:29:08,29.9576,122.298,81.97,86,100,18.66,overcast clouds
490,Lodja,CD,2022-08-07 21:29:08,-3.4833,23.4333,76.1,52,90,1.9,overcast clouds
491,Talnakh,RU,2022-08-07 21:29:09,69.4865,88.3972,54.21,95,100,8.03,light rain
492,Fare,PF,2022-08-07 21:29:09,-16.7,-151.0167,76.93,70,73,25.26,broken clouds
493,Omidiyeh,IR,2022-08-07 21:29:10,30.7597,49.705,100.53,37,98,6.02,overcast clouds
494,Scarborough,GB,2022-08-07 21:26:57,54.2797,-0.4044,63.97,82,41,1.99,scattered clouds
495,Kitimat,CA,2022-08-07 21:29:10,54.0524,-128.6534,75.58,57,46,3.0,scattered clouds
496,Sungairaya,ID,2022-08-07 21:29:11,0.7,108.9,76.17,90,80,7.29,broken clouds
497,Hirado,JP,2022-08-07 21:29:11,33.3597,129.5531,82.38,86,91,10.94,overcast clouds
498,Tukrah,LY,2022-08-07 21:29:12,32.5341,20.5791,80.6,79,0,6.71,clear sky
499,Yanam,IN,2022-08-07 21:29:12,16.7333,82.2167,76.3,94,100,10.27,overcast clouds
500,Manaure,CO,2022-08-07 21:29:13,11.7751,-72.4445,89.47,54,66,18.19,broken clouds
501,Lokachi,UA,2022-08-07 21:29:13,50.737,24.6494,58.75,56,52,7.52,broken clouds
502,Honavar,IN,2022-08-07 21:29:14,14.2833,74.45,77.52,89,100,15.05,moderate rain
503,Paka,MY,2022-08-07 21:30:14,4.6374,103.4368,76.93,94,100,0.0,overcast clouds
504,Kaseda,JP,2022-08-07 21:30:15,31.4167,130.3167,82.58,80,48,2.98,scattered clouds
505,Laguna,US,2022-08-07 21:30:15,38.421,-121.4238,95.09,34,0,10.36,clear sky
506,Shitanjing,CN,2022-08-07 21:30:16,39.2342,106.3439,73.76,64,96,3.33,overcast clouds
507,Illela,NG,2022-08-07 21:28:48,13.7292,5.2975,88.68,53,100,9.64,overcast clouds
508,Miri,MY,2022-08-07 21:30:17,4.4148,114.0089,77.14,94,20,3.44,few clouds
509,Sibolga,ID,2022-08-07 21:30:17,1.7427,98.7792,75.24,88,96,3.0,overcast clouds
510,Baran,IN,2022-08-07 21:30:17,25.1,76.5167,80.19,84,100,5.21,overcast clouds
511,Buchanan,LR,2022-08-07 21:30:18,5.8808,-10.0467,75.09,78,97,8.59,overcast clouds
512,Sao Felix Do Xingu,BR,2022-08-07 21:30:19,-6.6447,-51.995,85.46,43,86,1.36,overcast clouds
513,Panguna,PG,2022-08-07 21:30:19,-6.3164,155.4848,74.41,82,78,1.14,broken clouds
514,Sobolevo,RU,2022-08-07 21:28:35,54.4299,31.8996,53.24,95,4,6.46,clear sky
515,Sukumo,JP,2022-08-07 21:30:20,32.9333,132.7333,79.3,92,100,3.69,overcast clouds
516,Kanelovskaya,RU,2022-08-07 21:30:20,46.5908,39.19,75.24,27,11,9.69,few clouds
517,Srednekolymsk,RU,2022-08-07 21:30:21,67.45,153.6833,58.35,38,89,14.14,overcast clouds
518,Qui Nhon,VN,2022-08-07 21:30:21,13.7667,109.2333,77.52,86,100,11.32,overcast clouds
519,Amazar,RU,2022-08-07 21:30:21,53.858,120.875,51.94,97,100,3.02,overcast clouds
520,Saint-Leu,RE,2022-08-07 21:30:22,-21.15,55.2833,67.06,77,71,7.14,broken clouds
521,Kalach-Na-Donu,RU,2022-08-07 21:30:22,48.691,43.5264,75.7,28,53,8.55,broken clouds
522,Udachnyy,RU,2022-08-07 21:30:23,66.4167,112.4,46.45,93,100,8.93,moderate rain
523,Saint Anthony,US,2022-08-07 21:30:23,45.0205,-93.218,75.94,72,100,8.05,overcast clouds
524,Uray,RU,2022-08-07 21:30:24,60.1247,64.7758,63.43,69,42,2.48,scattered clouds
525,College,US,2022-08-07 21:30:24,64.8569,-147.8028,57.52,69,75,5.75,broken clouds
526,Gamba,GA,2022-08-07 21:30:25,-2.65,10.0,68.14,85,51,4.92,broken clouds
527,Sioux Lookout,CA,2022-08-07 21:28:05,50.1001,-91.917,68.07,52,75,6.91,broken clouds
528,Beloha,MG,2022-08-07 21:30:26,-25.1667,45.05,60.75,92,0,6.29,clear sky
529,Acarau,BR,2022-08-07 21:29:38,-2.8856,-40.12,78.87,79,57,19.46,broken clouds
530,Bandarbeyla,SO,2022-08-07 21:30:27,9.4942,50.8122,75.61,76,7,32.53,clear sky
531,Linxia,CN,2022-08-07 21:30:27,35.6003,103.2064,67.26,73,50,2.3,scattered clouds
532,Xichang,CN,2022-08-07 21:30:28,27.8964,102.2634,65.89,95,84,1.36,broken clouds
533,Mehriz,IR,2022-08-07 21:30:29,31.5917,54.4318,88.3,20,0,4.16,clear sky
534,Aqtobe,KZ,2022-08-07 21:30:29,50.2797,57.2072,71.69,49,0,0.0,clear sky
535,Sorland,NO,2022-08-07 21:30:30,67.667,12.6934,52.59,82,76,8.14,broken clouds
536,Mae Hong Son,TH,2022-08-07 21:25:38,19.3003,97.9685,74.32,100,100,0.36,heavy intensity rain
537,Tucupita,VE,2022-08-07 21:30:30,9.0622,-62.051,78.24,92,88,3.8,overcast clouds
538,Seddon,AU,2022-08-07 21:30:31,-37.8068,144.8916,47.21,89,0,10.36,clear sky
539,Westport,US,2022-08-07 21:30:31,41.1415,-73.3579,92.12,61,0,14.97,clear sky
540,Santa Cruz Del Sur,CU,2022-08-07 21:30:32,20.7147,-77.9956,86.02,65,52,4.85,broken clouds
541,Beringovskiy,RU,2022-08-07 21:27:43,63.05,179.3167,43.12,63,12,30.11,few clouds
542,Ucluelet,CA,2022-08-07 21:30:32,48.9329,-125.5528,77.31,58,0,7.0,clear sky
543,Monrovia,LR,2022-08-07 21:27:25,6.3005,-10.7969,76.06,76,91,11.81,overcast clouds
544,Buinsk,RU,2022-08-07 21:30:33,54.95,48.2833,67.23,66,78,0.76,broken clouds
545,Honiara,SB,2022-08-07 21:30:33,-9.4333,159.95,82.83,73,93,1.39,overcast clouds
546,Vestmannaeyjar,IS,2022-08-07 21:30:34,63.4427,-20.2734,51.8,85,95,19.17,overcast clouds
547,Hervey Bay,AU,2022-08-07 21:30:34,-25.2986,152.8535,56.62,59,0,12.73,clear sky
548,Asau,RO,2022-08-07 21:28:10,46.4333,26.4,63.52,91,0,4.36,clear sky
549,Governador Dix-Sept Rosado,BR,2022-08-07 21:30:35,-5.4577,-37.5209,85.84,61,73,14.63,broken clouds
550,Sfantu Gheorghe,RO,2022-08-07 21:30:35,45.8667,25.7833,66.92,92,6,3.78,clear sky
551,Yulara,AU,2022-08-07 21:30:36,-25.2406,130.9889,45.66,48,0,10.07,clear sky
552,Bereda,ES,2022-08-07 21:31:36,43.2686,-7.5406,66.42,100,60,5.79,broken clouds
553,Yerbogachen,RU,2022-08-07 21:31:37,61.2767,108.0108,47.46,97,100,5.06,overcast clouds
554,Beyneu,KZ,2022-08-07 21:31:37,45.3167,55.2,79.68,22,3,2.82,clear sky
555,Santa Cruz De Tenerife,ES,2022-08-07 21:31:38,28.4682,-16.2546,79.59,77,0,0.0,clear sky
556,Scottsbluff,US,2022-08-07 21:31:38,41.8666,-103.6672,88.03,36,0,9.22,clear sky
557,Puerto El Triunfo,SV,2022-08-07 21:31:38,13.2833,-88.55,97.66,63,100,6.44,overcast clouds
558,Sann,PK,2022-08-07 21:31:39,26.0418,68.1378,84.11,67,68,5.12,broken clouds
559,Agdas,AZ,2022-08-07 21:31:39,40.65,47.4761,75.07,53,53,3.87,broken clouds
560,Boyolangu,ID,2022-08-07 21:31:40,-8.1181,111.8935,73.53,91,81,4.36,broken clouds
561,Jaguarao,BR,2022-08-07 21:31:40,-32.5661,-53.3758,51.1,82,85,10.27,overcast clouds
562,Lazaro Cardenas,MX,2022-08-07 21:31:41,17.9583,-102.2,85.96,64,93,9.82,overcast clouds
563,Shakawe,BW,2022-08-07 21:31:41,-18.3667,21.85,63.86,27,0,4.68,clear sky
564,Lincoln,US,2022-08-07 21:27:58,40.8,-96.667,93.56,67,20,14.97,light rain
565,Ambilobe,MG,2022-08-07 21:27:31,-13.2,49.05,63.34,83,33,3.76,scattered clouds
566,Shimoda,JP,2022-08-07 21:27:31,34.6667,138.95,84.11,88,41,7.11,scattered clouds
567,Kirakira,SB,2022-08-07 21:29:18,-10.4544,161.9205,79.68,84,95,6.67,overcast clouds
568,Conde,BR,2022-08-07 21:31:43,-7.2597,-34.9075,74.66,83,20,6.91,few clouds
569,Sterling,US,2022-08-07 21:31:43,39.0062,-77.4286,92.95,63,75,11.99,broken clouds
570,Mackay,AU,2022-08-07 21:29:59,-21.15,149.2,57.69,68,3,11.74,clear sky
571,Kutum,SD,2022-08-07 21:31:44,14.2,24.6667,74.08,66,65,10.67,light rain
572,San Ramon,US,2022-08-07 21:31:44,37.7799,-121.978,86.65,52,0,17.27,clear sky
573,Fortuna,US,2022-08-07 21:31:45,40.5982,-124.1573,72.93,74,100,12.66,overcast clouds
574,Pareora,NZ,2022-08-07 21:31:45,-44.4871,171.2132,42.19,61,100,12.1,overcast clouds
575,Valparaiso,CL,2022-08-07 21:31:45,-33.0393,-71.6273,55.63,88,20,8.05,few clouds
576,Toora-Khem,RU,2022-08-07 21:31:46,52.4675,96.11,43.88,70,0,1.48,clear sky
577,Aitape,PG,2022-08-07 21:28:41,-3.1374,142.3475,76.95,88,84,4.72,broken clouds
578,Hun,LY,2022-08-07 21:31:47,29.1268,15.9477,83.26,34,0,9.33,clear sky
579,Darnah,LY,2022-08-07 21:31:47,32.767,22.6367,79.93,71,0,16.46,clear sky
580,Vanimo,PG,2022-08-07 21:31:47,-2.6741,141.3028,77.47,90,99,4.85,overcast clouds
581,Show Low,US,2022-08-07 21:31:48,34.2542,-110.0298,78.08,45,0,0.0,clear sky
582,Nanortalik,GL,2022-08-07 21:31:48,60.1432,-45.2371,45.09,82,7,8.84,clear sky
583,Terney,RU,2022-08-07 21:31:49,45.0503,136.6092,70.25,100,100,5.64,overcast clouds
584,Kurumkan,RU,2022-08-07 21:31:49,54.3,110.3,51.49,83,69,3.15,light rain
585,Izumo,JP,2022-08-07 21:31:50,35.3667,132.7667,78.75,94,75,3.44,broken clouds
586,San Francisco De Coray,HN,2022-08-07 21:31:50,13.6614,-87.5328,89.91,47,100,5.48,overcast clouds
587,Port-Gentil,GA,2022-08-07 21:29:16,-0.7193,8.7815,71.56,88,20,3.44,few clouds
588,Fuerte Olimpo,PY,2022-08-07 21:31:51,-21.0415,-57.8738,72.66,83,100,1.63,moderate rain
589,Tobol,KZ,2022-08-07 21:31:51,52.6844,62.5794,65.26,73,100,7.27,overcast clouds
590,Paita,PE,2022-08-07 21:31:51,-5.0892,-81.1144,66.24,75,4,19.22,clear sky
591,Ordzhonikidze,KZ,2022-08-07 21:31:52,52.4411,61.7408,65.21,77,100,7.94,overcast clouds
592,Ust-Kuyga,RU,2022-08-07 21:31:52,70.0167,135.6,60.04,73,100,8.48,overcast clouds
593,Vertou,FR,2022-08-07 21:31:53,47.1687,-1.4693,76.98,31,0,6.91,clear sky
594,Traverse City,US,2022-08-07 21:29:53,44.7631,-85.6206,72.84,97,100,5.75,light rain
595,Valentin Gomez Farias,MX,2022-08-07 21:31:53,28.2167,-106.5833,84.99,26,42,14.76,scattered clouds
596,Paso De Los Toros,UY,2022-08-07 21:31:54,-32.8167,-56.5167,52.11,73,94,11.77,overcast clouds
597,Kaffrine,SN,2022-08-07 21:31:54,14.1059,-15.5508,80.73,81,56,13.06,moderate rain
598,Necochea,AR,2022-08-07 21:28:42,-38.5473,-58.7368,43.66,70,99,6.98,overcast clouds
599,San Nicolas,PH,2022-08-07 21:32:55,18.1725,120.5953,76.91,100,40,4.61,light rain
600,Chernyshevskiy,RU,2022-08-07 21:32:55,63.0128,112.4714,47.7,97,100,1.88,overcast clouds
601,Hokitika,NZ,2022-08-07 21:32:04,-42.7167,170.9667,43.95,67,100,12.59,overcast clouds
602,Rapid Valley,US,2022-08-07 21:32:56,44.0625,-103.1463,78.73,61,40,4.61,scattered clouds
603,Black River,JM,2022-08-07 21:32:56,18.0264,-77.8487,84.58,70,79,1.19,broken clouds
604,Prado,BR,2022-08-07 21:32:57,-17.3411,-39.2208,73.9,77,2,11.16,clear sky
605,Mount Pleasant,US,2022-08-07 21:32:57,32.7941,-79.8626,87.94,76,20,10.36,few clouds
606,Atar,MR,2022-08-07 21:32:57,20.5169,-13.0499,99.39,26,6,15.79,clear sky
607,Bolotnoye,RU,2022-08-07 21:32:58,55.6717,84.3981,57.78,97,98,5.53,light rain
608,Mazatlan,MX,2022-08-07 21:32:58,23.2167,-106.4167,91.02,75,40,8.05,scattered clouds
609,Celendin,PE,2022-08-07 21:32:59,-6.8703,-78.1517,70.32,62,45,6.26,light rain
610,Azovo,RU,2022-08-07 21:32:59,54.6997,73.0237,62.35,88,38,8.23,scattered clouds
611,Mitsamiouli,KM,2022-08-07 21:32:59,-11.3847,43.2844,75.33,68,5,7.58,clear sky
612,Port Augusta,AU,2022-08-07 21:33:00,-32.5,137.7667,42.62,76,0,2.66,clear sky
613,Beni Suef,EG,2022-08-07 21:33:00,29.0731,31.0979,85.17,35,0,7.87,clear sky
614,Wanaka,NZ,2022-08-07 21:33:01,-44.7,169.15,37.11,70,87,4.0,overcast clouds
615,Altamont,US,2022-08-07 21:33:01,42.2068,-121.7372,93.78,23,20,11.5,few clouds
616,Bubaque,GW,2022-08-07 21:33:02,11.2833,-15.8333,79.61,83,100,14.65,light rain
617,Balsas,BR,2022-08-07 21:33:02,-7.5325,-46.0356,84.78,27,28,3.83,scattered clouds
618,Jumla,NP,2022-08-07 21:33:02,29.2747,82.1838,60.08,87,99,2.8,moderate rain
619,Doka,SD,2022-08-07 21:33:03,13.5167,35.7667,71.15,89,99,6.55,overcast clouds
620,Porto Belo,BR,2022-08-07 21:33:03,-27.1578,-48.5531,62.55,96,100,3.22,light rain
621,Talara,PE,2022-08-07 21:33:04,-4.5772,-81.2719,64.98,80,6,20.22,clear sky
622,Lithakia,GR,2022-08-07 21:33:04,37.7167,20.8333,74.57,75,19,7.4,few clouds
623,Narayangarh,IN,2022-08-07 21:33:05,30.4833,77.1333,78.22,81,100,1.5,overcast clouds
624,Sao Lourenco Do Sul,BR,2022-08-07 21:33:05,-31.3653,-51.9783,54.86,87,100,14.5,overcast clouds
625,Mildura,AU,2022-08-07 21:33:06,-34.2,142.15,41.07,94,6,6.17,clear sky
626,Flin Flon,CA,2022-08-07 21:33:06,54.7682,-101.865,75.04,50,20,9.22,few clouds
627,Opuwo,NA,2022-08-07 21:33:07,-18.0607,13.84,66.15,23,13,5.64,few clouds
628,Vancouver,CA,2022-08-07 21:32:53,49.2497,-123.1193,87.98,50,0,11.5,clear sky
629,Taksimo,RU,2022-08-07 21:33:07,56.3444,114.8794,49.77,76,42,3.76,scattered clouds
630,Chino Valley,US,2022-08-07 21:32:09,34.7575,-112.4538,95.74,40,20,11.5,few clouds
631,Djambala,CG,2022-08-07 21:33:08,-2.5447,14.7533,80.19,41,95,3.65,overcast clouds
632,Juegang,CN,2022-08-07 21:33:08,32.3174,121.1855,83.91,86,78,9.44,broken clouds
633,Belaya Gora,RU,2022-08-07 21:33:09,68.5333,146.4167,59.22,44,72,14.2,broken clouds
634,Beira,MZ,2022-08-07 21:33:09,-19.8436,34.8389,64.49,94,0,4.61,clear sky
635,Pitlochry,GB,2022-08-07 21:33:10,56.7051,-3.7343,60.89,95,100,3.94,overcast clouds
636,Matara,LK,2022-08-07 21:33:10,5.9485,80.5353,77.11,87,100,12.08,overcast clouds
637,Balakovo,RU,2022-08-07 21:29:53,52.0278,47.8007,70.16,52,12,4.83,few clouds
638,Alangayam,IN,2022-08-07 21:33:11,12.6,78.75,72.84,78,100,15.1,overcast clouds
639,Nizhniy Tsasuchey,RU,2022-08-07 21:33:12,50.5167,115.1333,49.86,70,2,10.89,clear sky
640,Hay River,CA,2022-08-07 21:33:12,60.8156,-115.7999,62.58,72,75,8.05,broken clouds
641,Wuwei,CN,2022-08-07 21:33:12,37.9281,102.6414,67.5,64,5,2.06,clear sky
642,Sakakah,SA,2022-08-07 21:28:51,29.9697,40.2064,99.97,21,67,5.48,broken clouds
643,Tank,PK,2022-08-07 21:33:13,32.2217,70.3793,93.83,49,37,10.07,scattered clouds
644,Te Anau,NZ,2022-08-07 21:33:14,-45.4167,167.7167,34.72,87,20,7.05,few clouds
645,Umea,SE,2022-08-07 21:33:14,63.8284,20.2597,52.92,81,0,0.0,clear sky
646,Zhanakorgan,KZ,2022-08-07 21:33:14,43.9098,67.2495,76.78,36,9,3.87,clear sky
647,Qaqortoq,GL,2022-08-07 21:33:15,60.7167,-46.0333,46.62,77,0,4.59,clear sky
648,Kodinsk,RU,2022-08-07 21:34:15,58.6881,99.1844,52.61,96,89,3.22,overcast clouds
649,Fengzhen,CN,2022-08-07 21:34:16,40.4394,113.1536,68.63,68,84,9.98,broken clouds
650,Launceston,AU,2022-08-07 21:34:16,-41.45,147.1667,34.16,96,7,6.91,clear sky
651,Kalabo,ZM,2022-08-07 21:34:17,-14.97,22.6814,59.67,27,0,5.66,clear sky
652,Rio Gallegos,AR,2022-08-07 21:31:40,-51.6226,-69.2181,37.45,81,20,10.36,few clouds
653,San Jose,US,2022-08-07 21:29:35,37.3394,-121.895,84.92,51,20,14.97,few clouds
654,Marsaxlokk,MT,2022-08-07 21:34:17,35.8419,14.5431,82.08,83,0,3.44,clear sky
655,Antofagasta,CL,2022-08-07 21:32:27,-23.65,-70.4,58.28,65,3,10.63,clear sky
656,Buraydah,SA,2022-08-07 21:34:18,26.326,43.975,100.85,17,33,9.93,scattered clouds
657,Bonthe,SL,2022-08-07 21:34:19,7.5264,-12.505,75.6,87,83,9.06,light rain
658,Boa Vista,BR,2022-08-07 21:30:44,2.8197,-60.6733,93.18,40,20,9.22,few clouds
659,Ouadda,CF,2022-08-07 21:34:19,8.0777,22.4007,67.41,98,100,3.29,overcast clouds
660,Bethanien,NA,2022-08-07 21:34:20,-26.502,17.1583,48.09,66,0,1.81,clear sky
661,Caraballeda,VE,2022-08-07 21:34:20,10.6112,-66.8522,89.67,58,75,8.05,broken clouds
662,Adrar,MR,2022-08-07 21:34:21,20.5022,-10.0711,101.26,17,71,5.53,broken clouds
663,Quelimane,MZ,2022-08-07 21:32:23,-17.8786,36.8883,67.95,88,0,0.0,clear sky
664,Berbera,SO,2022-08-07 21:34:21,10.4396,45.0143,90.99,36,49,18.37,scattered clouds
665,Pinotepa De Don Luis,MX,2022-08-07 21:34:22,16.4167,-97.9167,82.62,76,82,6.35,broken clouds
666,Lesnoye,RU,2022-08-07 21:34:22,58.2841,35.5158,51.04,80,84,3.27,broken clouds
667,Kiboga,UG,2022-08-07 21:34:23,0.9161,31.7742,68.23,64,97,1.16,overcast clouds
668,Haines Junction,CA,2022-08-07 21:34:23,60.7522,-137.5108,60.75,44,91,2.3,overcast clouds
669,Palestina,PS,2022-08-07 21:34:24,31.9216,35.2033,71.35,79,0,3.56,clear sky
670,Sept-Iles,CA,2022-08-07 21:32:02,50.2001,-66.3821,68.52,52,75,19.57,broken clouds
671,Exeter,GB,2022-08-07 21:34:24,50.7236,-3.5275,66.97,77,0,8.05,clear sky
672,Riohacha,CO,2022-08-07 21:34:25,11.5444,-72.9072,86.11,70,20,17.27,few clouds
673,Nenita,PH,2022-08-07 21:34:25,12.4917,124.8044,73.85,94,99,3.38,overcast clouds
674,Mehamn,NO,2022-08-07 21:34:26,71.0357,27.8492,49.95,87,75,13.8,light rain
675,Hirara,JP,2022-08-07 21:34:26,24.8,125.2833,84.2,75,7,11.56,clear sky
676,Comodoro Rivadavia,AR,2022-08-07 21:34:27,-45.8667,-67.5,42.66,81,100,10.36,light intensity drizzle rain
677,Stromness,GB,2022-08-07 21:34:27,58.965,-3.296,57.16,91,99,11.99,overcast clouds
678,Vieques,PR,2022-08-07 21:34:27,18.425,-65.8329,86.11,83,40,12.66,thunderstorm
679,Karasburg,NA,2022-08-07 21:34:28,-28.0167,18.75,45.46,81,0,3.71,clear sky
680,Heihe,CN,2022-08-07 21:34:28,50.2441,127.4902,55.98,87,0,10.33,clear sky
681,Cabedelo,BR,2022-08-07 21:34:29,-6.9811,-34.8339,75.87,77,16,11.86,few clouds
682,Iquitos,PE,2022-08-07 21:34:29,-3.7481,-73.2472,91.44,55,75,2.3,broken clouds
683,Kenai,US,2022-08-07 21:34:30,60.5544,-151.2583,60.89,69,0,25.32,clear sky
684,San Cristobal,VE,2022-08-07 21:34:30,7.7669,-72.225,80.78,61,94,5.14,overcast clouds
685,Houston,US,2022-08-07 21:33:05,29.7633,-95.3633,99.32,55,40,19.57,scattered clouds
686,Yining,CN,2022-08-07 21:34:31,29.0361,114.5636,77.95,82,68,2.66,broken clouds
687,Serebryanyy Bor,RU,2022-08-07 21:34:31,56.8,124.8,50.34,99,100,5.35,moderate rain
688,Oksfjord,NO,2022-08-07 21:34:31,70.2396,22.3479,51.01,90,100,8.97,light rain
689,Robstown,US,2022-08-07 21:34:32,27.7903,-97.6689,96.69,62,0,19.57,clear sky
690,Cotonou,BJ,2022-08-07 21:34:15,6.3654,2.4183,76.98,83,40,11.5,scattered clouds
691,Henties Bay,NA,2022-08-07 21:34:33,-22.116,14.2845,55.62,87,41,8.86,scattered clouds
692,Northam,GB,2022-08-07 21:34:33,51.0333,-4.2167,61.61,82,0,5.57,clear sky
693,Saint-Pierre,RE,2022-08-07 21:34:34,-21.3393,55.4781,67.68,73,20,6.91,few clouds
694,Asfi,MA,2022-08-07 21:34:12,32.2994,-9.2372,69.76,84,0,13.33,clear sky
695,Hot Springs,US,2022-08-07 21:30:55,34.5037,-93.0552,96.51,44,20,8.05,few clouds
696,Gaoua,BF,2022-08-07 21:35:34,10.2992,-3.2508,80.8,60,96,4.9,overcast clouds
697,Sur,OM,2022-08-07 21:35:22,22.5667,59.5289,86.77,63,58,7.52,broken clouds
698,Ternate,ID,2022-08-07 21:35:35,0.8,127.4,79.16,79,90,2.44,overcast clouds
699,Takayama,JP,2022-08-07 21:35:35,36.1333,137.25,73.36,95,99,3.13,overcast clouds
700,Mujiayingzi,CN,2022-08-07 21:35:36,42.1167,118.7833,66.31,62,99,3.15,overcast clouds
701,Riyadh,SA,2022-08-07 21:31:01,24.6877,46.7219,98.74,21,1,7.78,clear sky
702,Hammerfest,NO,2022-08-07 21:35:36,70.6634,23.6821,48.65,93,75,10.36,broken clouds
703,Lake City,US,2022-08-07 21:35:37,30.1897,-82.6393,92.91,69,0,8.05,thunderstorm
704,Chenghai,CN,2022-08-07 21:35:37,23.4632,116.768,82.31,89,0,4.47,clear sky
705,Tarakan,ID,2022-08-07 21:35:38,3.3,117.6333,78.3,94,40,3.44,scattered clouds
706,Diamantino,BR,2022-08-07 21:35:38,-14.4086,-56.4461,82.54,49,75,2.3,broken clouds
707,Sokoni,TZ,2022-08-07 21:30:50,-6.4333,39.55,75.16,74,74,16.8,broken clouds
708,Szihalom,HU,2022-08-07 21:35:39,47.7667,20.4833,69.75,40,14,10.56,few clouds
709,Naron,ES,2022-08-07 21:35:39,43.5167,-8.1528,72.45,86,35,10.8,scattered clouds
710,Preobrazheniye,RU,2022-08-07 21:34:14,42.9019,133.9064,73.0,98,97,6.71,overcast clouds
711,Malakal,SS,2022-08-07 21:35:40,9.5334,31.6605,72.12,95,100,4.97,light rain
712,Makasar,ID,2022-08-07 21:35:40,-5.14,119.4221,73.45,100,20,2.3,few clouds
713,Mersin,TR,2022-08-07 21:35:41,36.862,34.6509,79.52,79,5,2.3,clear sky
714,Nara,JP,2022-08-07 21:35:41,34.6851,135.8049,81.97,68,79,1.99,broken clouds
715,Kurilsk,RU,2022-08-07 21:35:42,45.2333,147.8833,59.47,94,84,11.3,broken clouds
716,Sao Raimundo Nonato,BR,2022-08-07 21:35:42,-9.0153,-42.6994,79.05,26,32,4.03,scattered clouds
717,Kamsack,CA,2022-08-07 21:35:42,51.5667,-101.9009,76.23,45,61,10.87,broken clouds
718,Polovinnoye,RU,2022-08-07 21:35:43,54.7914,65.9864,61.74,75,87,6.87,overcast clouds
